{
  "project_info": {
    "project_number": "674122345826",
    "firebase_url": "https://cellular-smoke-240410.firebaseio.com",
    "project_id": "cellular-smoke-240410",
    "storage_bucket": "cellular-smoke-240410.appspot.com"
  },
  "client": [
    {
      "client_info": {
        "mobilesdk_app_id": "1:674122345826:android:186c63c88537e51c",
        "android_client_info": {
          "package_name": "com.dharma.com"
        }
      },
      "oauth_client": [
        {
          "client_id": "674122345826-hlco8sfjche49fr68qf0c7qigijpengd.apps.googleusercontent.com",
          "client_type": 3
        }
      ],
      "api_key": [
        {
          "current_key": "AIzaSyCdHYjJvtvpiQDHNb1wTLmC_eZm1FmHmQQ"
        }
      ],
      "services": {
        "appinvite_service": {
          "other_platform_oauth_client": [
            {
              "client_id": "674122345826-hlco8sfjche49fr68qf0c7qigijpengd.apps.googleusercontent.com",
              "client_type": 3
            }
          ]
        }
      }
    }
  ],
  "configuration_version": "1"
}